stage	pip_index	net	driver_pin	sink_pin	pip	tile	grid_x	grid_y
0	0	u_bridge/rx_payload_bytes_r_reg_n_0_[1]	u_bridge/rx_payload_bytes_r_reg[1]/Q	u_bridge/rx_state_r[1]_i_5/I3	CLBLL_R_X17Y174/CLBLL_R.CLBLL_LL_AMUX->CLBLL_LOGIC_OUTS20	CLBLL_R_X17Y174	46	27
0	1	u_bridge/rx_payload_bytes_r_reg_n_0_[1]	u_bridge/rx_payload_bytes_r_reg[1]/Q	u_bridge/rx_state_r[1]_i_5/I3	INT_R_X17Y174/INT_R.LOGIC_OUTS20->>BYP_ALT2	INT_R_X17Y174	45	27
0	2	u_bridge/rx_payload_bytes_r_reg_n_0_[1]	u_bridge/rx_payload_bytes_r_reg[1]/Q	u_bridge/rx_state_r[1]_i_5/I3	INT_R_X17Y174/INT_R.BYP_ALT2->>BYP_BOUNCE2	INT_R_X17Y174	45	27
0	3	u_bridge/rx_payload_bytes_r_reg_n_0_[1]	u_bridge/rx_payload_bytes_r_reg[1]/Q	u_bridge/rx_state_r[1]_i_5/I3	INT_R_X17Y174/INT_R.BYP_BOUNCE2->>IMUX14	INT_R_X17Y174	45	27
0	4	u_bridge/rx_payload_bytes_r_reg_n_0_[1]	u_bridge/rx_payload_bytes_r_reg[1]/Q	u_bridge/rx_state_r[1]_i_5/I3	CLBLL_R_X17Y174/CLBLL_R.CLBLL_IMUX14->CLBLL_L_B1	CLBLL_R_X17Y174	46	27
1	0	u_bridge/rx_state_r[1]_i_5_n_0	u_bridge/rx_state_r[1]_i_5/O	u_bridge/i_1_LOPT_REMAP/I3	CLBLL_R_X17Y174/CLBLL_R.CLBLL_L_B->CLBLL_LOGIC_OUTS9	CLBLL_R_X17Y174	46	27
1	1	u_bridge/rx_state_r[1]_i_5_n_0	u_bridge/rx_state_r[1]_i_5/O	u_bridge/i_1_LOPT_REMAP/I3	INT_R_X17Y174/INT_R.LOGIC_OUTS9->>ER1BEG2	INT_R_X17Y174	45	27
1	2	u_bridge/rx_state_r[1]_i_5_n_0	u_bridge/rx_state_r[1]_i_5/O	u_bridge/i_1_LOPT_REMAP/I3	INT_L_X18Y174/INT_L.ER1END2->>ER1BEG3	INT_L_X18Y174	49	27
1	3	u_bridge/rx_state_r[1]_i_5_n_0	u_bridge/rx_state_r[1]_i_5/O	u_bridge/i_1_LOPT_REMAP/I3	INT_R_X19Y174/INT_R.ER1END3->>IMUX31	INT_R_X19Y174	50	27
1	4	u_bridge/rx_state_r[1]_i_5_n_0	u_bridge/rx_state_r[1]_i_5/O	u_bridge/i_1_LOPT_REMAP/I3	CLBLL_R_X19Y174/CLBLL_R.CLBLL_IMUX31->CLBLL_LL_C5	CLBLL_R_X19Y174	51	27
2	0	u_bridge/i_1/O_n	u_bridge/i_1_LOPT_REMAP/O	u_bridge/i_0_LOPT_REMAP/I4	CLBLL_R_X19Y174/CLBLL_R.CLBLL_LL_C->CLBLL_LOGIC_OUTS14	CLBLL_R_X19Y174	51	27
2	1	u_bridge/i_1/O_n	u_bridge/i_1_LOPT_REMAP/O	u_bridge/i_0_LOPT_REMAP/I4	INT_R_X19Y174/INT_R.LOGIC_OUTS14->>NL1BEG1	INT_R_X19Y174	50	27
2	2	u_bridge/i_1/O_n	u_bridge/i_1_LOPT_REMAP/O	u_bridge/i_0_LOPT_REMAP/I4	INT_R_X19Y175/INT_R.NL1END1->>FAN_ALT4	INT_R_X19Y175	50	25
2	3	u_bridge/i_1/O_n	u_bridge/i_1_LOPT_REMAP/O	u_bridge/i_0_LOPT_REMAP/I4	INT_R_X19Y175/INT_R.FAN_ALT4->>FAN_BOUNCE4	INT_R_X19Y175	50	25
2	4	u_bridge/i_1/O_n	u_bridge/i_1_LOPT_REMAP/O	u_bridge/i_0_LOPT_REMAP/I4	INT_R_X19Y174/INT_R.FAN_BOUNCE_S3_4->>IMUX13	INT_R_X19Y174	50	27
2	5	u_bridge/i_1/O_n	u_bridge/i_1_LOPT_REMAP/O	u_bridge/i_0_LOPT_REMAP/I4	CLBLL_R_X19Y174/CLBLL_R.CLBLL_IMUX13->CLBLL_L_B6	CLBLL_R_X19Y174	51	27
3	0	u_bridge/key_cfg_r[252]_i_4_n_0	u_bridge/i_0_LOPT_REMAP/O	u_bridge/key_cfg_r[251]_i_2/I1	CLBLL_R_X19Y174/CLBLL_R.CLBLL_L_B->CLBLL_LOGIC_OUTS9	CLBLL_R_X19Y174	51	27
3	1	u_bridge/key_cfg_r[252]_i_4_n_0	u_bridge/i_0_LOPT_REMAP/O	u_bridge/key_cfg_r[251]_i_2/I1	INT_R_X19Y174/INT_R.LOGIC_OUTS9->>EE4BEG1	INT_R_X19Y174	50	27
3	2	u_bridge/key_cfg_r[252]_i_4_n_0	u_bridge/i_0_LOPT_REMAP/O	u_bridge/key_cfg_r[251]_i_2/I1	INT_R_X23Y174/INT_R.EE4END1->>NR1BEG1	INT_R_X23Y174	58	27
3	3	u_bridge/key_cfg_r[252]_i_4_n_0	u_bridge/i_0_LOPT_REMAP/O	u_bridge/key_cfg_r[251]_i_2/I1	INT_R_X23Y175/INT_R.NR1END1->>IMUX35	INT_R_X23Y175	58	25
3	4	u_bridge/key_cfg_r[252]_i_4_n_0	u_bridge/i_0_LOPT_REMAP/O	u_bridge/key_cfg_r[251]_i_2/I1	CLBLL_R_X23Y175/CLBLL_R.CLBLL_IMUX35->CLBLL_LL_C6	CLBLL_R_X23Y175	59	25
4	0	u_bridge/key_cfg_r[251]_i_2_n_0	u_bridge/key_cfg_r[251]_i_2/O	u_bridge/key_cfg_r[24]_i_1/I2	CLBLL_R_X23Y175/CLBLL_R.CLBLL_LL_C->CLBLL_LOGIC_OUTS14	CLBLL_R_X23Y175	59	25
4	1	u_bridge/key_cfg_r[251]_i_2_n_0	u_bridge/key_cfg_r[251]_i_2/O	u_bridge/key_cfg_r[24]_i_1/I2	INT_R_X23Y175/INT_R.LOGIC_OUTS14->>SW6BEG2	INT_R_X23Y175	58	25
4	2	u_bridge/key_cfg_r[251]_i_2_n_0	u_bridge/key_cfg_r[251]_i_2/O	u_bridge/key_cfg_r[24]_i_1/I2	INT_R_X21Y171/INT_R.SW6END2->>SW6BEG2	INT_R_X21Y171	54	30
4	3	u_bridge/key_cfg_r[251]_i_2_n_0	u_bridge/key_cfg_r[251]_i_2/O	u_bridge/key_cfg_r[24]_i_1/I2	INT_R_X19Y167/INT_R.SW6END2->>NL1BEG2	INT_R_X19Y167	50	34
4	4	u_bridge/key_cfg_r[251]_i_2_n_0	u_bridge/key_cfg_r[251]_i_2/O	u_bridge/key_cfg_r[24]_i_1/I2	INT_R_X19Y168/INT_R.NL1END2->>IMUX11	INT_R_X19Y168	50	33
4	5	u_bridge/key_cfg_r[251]_i_2_n_0	u_bridge/key_cfg_r[251]_i_2/O	u_bridge/key_cfg_r[24]_i_1/I2	CLBLL_R_X19Y168/CLBLL_R.CLBLL_IMUX11->CLBLL_LL_A4	CLBLL_R_X19Y168	51	33
5	0	u_bridge/key_cfg_r[24]_i_1_n_0	u_bridge/key_cfg_r[24]_i_1/O	u_bridge/key_cfg_r_reg[24]/D	CLBLL_R_X19Y168/CLBLL_R.CLBLL_LL_A->CLBLL_LOGIC_OUTS12	CLBLL_R_X19Y168	51	33
5	1	u_bridge/key_cfg_r[24]_i_1_n_0	u_bridge/key_cfg_r[24]_i_1/O	u_bridge/key_cfg_r_reg[24]/D	INT_R_X19Y168/INT_R.LOGIC_OUTS12->>NW6BEG0	INT_R_X19Y168	50	33
5	2	u_bridge/key_cfg_r[24]_i_1_n_0	u_bridge/key_cfg_r[24]_i_1/O	u_bridge/key_cfg_r_reg[24]/D	INT_R_X17Y172/INT_R.NW6END0->>WR1BEG1	INT_R_X17Y172	45	29
5	3	u_bridge/key_cfg_r[24]_i_1_n_0	u_bridge/key_cfg_r[24]_i_1/O	u_bridge/key_cfg_r_reg[24]/D	INT_L_X16Y172/INT_L.WR1END1->>BYP_ALT1	INT_L_X16Y172	44	29
5	4	u_bridge/key_cfg_r[24]_i_1_n_0	u_bridge/key_cfg_r[24]_i_1/O	u_bridge/key_cfg_r_reg[24]/D	INT_L_X16Y172/INT_L.BYP_ALT1->>BYP_L1	INT_L_X16Y172	44	29
5	5	u_bridge/key_cfg_r[24]_i_1_n_0	u_bridge/key_cfg_r[24]_i_1/O	u_bridge/key_cfg_r_reg[24]/D	CLBLL_L_X16Y172/CLBLL_L.CLBLL_BYP1->CLBLL_LL_AX	CLBLL_L_X16Y172	43	29
